episode,seed,total_reward,steps,terminated,truncated,policy,timestamp
1,124,-287.7888079285017,106,True,False,random,2025-10-31 11:50:44
2,125,-350.4022292063095,100,True,False,random,2025-10-31 11:50:46
3,126,-181.67277581917799,71,True,False,random,2025-10-31 11:50:47
4,127,-137.20606407835015,95,True,False,random,2025-10-31 11:50:49
5,128,-193.01927064388644,87,True,False,random,2025-10-31 11:50:51
1,124,-259.97422532115786,127,True,False,random,2025-10-31 11:51:22
2,125,-39.74624990373077,92,True,False,random,2025-10-31 11:51:24
3,126,-114.69064004236503,63,True,False,random,2025-10-31 11:51:25
4,127,-222.06492630702803,81,True,False,random,2025-10-31 11:51:27
5,128,-79.88002017360151,78,True,False,random,2025-10-31 11:51:29
1,124,-234.56725613941853,141,True,False,random,2025-10-31 11:52:23
2,125,-106.6530685955615,102,True,False,random,2025-10-31 11:52:25
3,126,-96.60169978616838,67,True,False,random,2025-10-31 11:52:27
4,127,-151.53289541440105,91,True,False,random,2025-10-31 11:52:29
5,128,-79.36933627023495,92,True,False,random,2025-10-31 11:52:31
6,129,-134.96080192761013,64,True,False,random,2025-10-31 11:52:32
7,130,-68.48665769779987,78,True,False,random,2025-10-31 11:52:34
8,131,-261.92285535360134,100,True,False,random,2025-10-31 11:52:36
9,132,-84.9279642275629,70,True,False,random,2025-10-31 11:52:37
10,133,-20.522730891918854,63,True,False,random,2025-10-31 11:52:39
11,134,-119.78814188729683,91,True,False,random,2025-10-31 11:52:41
12,135,-97.50375372354844,77,True,False,random,2025-10-31 11:52:42
13,136,-295.14731576462805,99,True,False,random,2025-10-31 11:52:45
14,137,-126.8373011222472,63,True,False,random,2025-10-31 11:52:46
15,138,-86.12087087435144,75,True,False,random,2025-10-31 11:52:48
16,139,-210.7772257574953,65,True,False,random,2025-10-31 11:52:49
17,140,-523.7926998858586,95,True,False,random,2025-10-31 11:52:51
18,141,-197.397574230418,116,True,False,random,2025-10-31 11:52:53
19,142,-262.14174380674166,87,True,False,random,2025-10-31 11:52:55
20,143,-458.73111493357834,111,True,False,random,2025-10-31 11:52:58
1,124,-176.05416104103858,129,True,False,random,2025-10-31 11:55:29
2,125,-209.3297282151363,107,True,False,random,2025-10-31 11:55:32
3,126,-94.41652232266156,73,True,False,random,2025-10-31 11:55:33
1,124,-42.73505932482661,139,True,False,heuristic,2025-10-31 11:56:07
2,125,-105.63749460554973,88,True,False,heuristic,2025-10-31 11:56:09
3,126,-66.95847748255531,70,True,False,heuristic,2025-10-31 11:56:11
4,127,-10.799970632208925,120,True,False,heuristic,2025-10-31 11:56:13
5,128,0.3225407834127765,114,True,False,heuristic,2025-10-31 11:56:16
6,129,16.37391487589602,108,True,False,heuristic,2025-10-31 11:56:18
7,130,-33.23893783586033,105,True,False,heuristic,2025-10-31 11:56:20
8,131,-53.42906809033372,108,True,False,heuristic,2025-10-31 11:56:23
9,132,-46.21586183006416,73,True,False,heuristic,2025-10-31 11:56:24
10,133,-45.253427888098756,73,True,False,heuristic,2025-10-31 11:56:26
11,134,-27.139432291434986,118,True,False,heuristic,2025-10-31 11:56:28
12,135,-96.16521362647502,75,True,False,heuristic,2025-10-31 11:56:30
13,136,1.9264691757924055,129,True,False,heuristic,2025-10-31 11:56:33
14,137,-64.89288205853336,74,True,False,heuristic,2025-10-31 11:56:34
15,138,-55.067411826779576,66,True,False,heuristic,2025-10-31 11:56:36
16,139,-48.18201839670273,71,True,False,heuristic,2025-10-31 11:56:37
17,140,-70.4490011792049,72,True,False,heuristic,2025-10-31 11:56:39
18,141,-47.342354339809845,112,True,False,heuristic,2025-10-31 11:56:41
19,142,-83.05992489025795,80,True,False,heuristic,2025-10-31 11:56:43
20,143,13.88655877312435,139,True,False,heuristic,2025-10-31 11:56:46
1,124,-332.92389844953664,127,True,False,False,0.0,2025-10-31 11:58:47
2,125,-157.36213548972233,105,True,False,False,0.0,2025-10-31 11:58:49
3,126,-124.04633972401324,72,True,False,False,0.0,2025-10-31 11:58:51
4,127,-215.2953334748351,97,True,False,False,0.0,2025-10-31 11:58:53
5,128,-135.8983529939098,77,True,False,False,0.0,2025-10-31 11:58:55
6,129,-82.08341804619349,71,True,False,False,0.0,2025-10-31 11:58:56
7,130,-66.74368943798748,86,True,False,False,0.0,2025-10-31 11:58:58
8,131,-107.79075324037794,122,True,False,False,0.0,2025-10-31 11:59:01
9,132,-65.25690856040617,70,True,False,False,0.0,2025-10-31 11:59:02
10,133,-188.19079307755885,65,True,False,False,0.0,2025-10-31 11:59:04
11,134,-106.46369433991805,91,True,False,False,0.0,2025-10-31 11:59:06
12,135,-142.0254190069238,82,True,False,False,0.0,2025-10-31 11:59:07
13,136,-369.87280191504243,135,True,False,False,0.0,2025-10-31 11:59:10
14,137,-407.9050737335881,83,True,False,False,0.0,2025-10-31 11:59:12
15,138,-101.76006556403826,71,True,False,False,0.0,2025-10-31 11:59:14
16,139,-99.76771541608197,60,True,False,False,0.0,2025-10-31 11:59:15
17,140,-348.75518681698463,89,True,False,False,0.0,2025-10-31 11:59:17
18,141,-92.34511529261616,90,True,False,False,0.0,2025-10-31 11:59:19
19,142,-46.26808644590194,102,True,False,False,0.0,2025-10-31 11:59:21
20,143,-280.71228259194504,121,True,False,False,0.0,2025-10-31 11:59:23
1,124,-160.4029573174755,122,True,False,False,0.0,2025-10-31 11:59:32
2,125,-82.9105143598588,97,True,False,False,0.0,2025-10-31 11:59:34
3,126,-94.94584035202129,72,True,False,False,0.0,2025-10-31 11:59:35
1,124,-237.9482207855435,148,True,False,False,auto,0.0,2025-10-31 12:01:40
2,125,-117.90487620921806,101,True,False,True,user_yes,0.0,2025-10-31 12:01:52
3,126,-133.68744285626533,83,True,False,False,auto,0.0,2025-10-31 12:02:03
4,127,-80.8379856673098,98,True,False,False,auto,0.0,2025-10-31 12:02:08
5,128,-167.67936158216673,84,True,False,False,auto,0.0,2025-10-31 12:02:13
1,124,-87.2805432865522,133,True,False,True,user_yes,0.0,2025-10-31 12:02:43
2,125,-361.9264168926704,94,True,False,True,user_yes,0.0,2025-10-31 12:02:46
3,126,-217.98240442937026,71,True,False,True,user_yes,0.0,2025-10-31 12:02:48
4,127,-316.1475316593279,115,True,False,False,user_no,0.0,2025-10-31 12:02:51
5,128,-100.60320922228172,86,True,False,False,user_no,0.0,2025-10-31 12:02:54
6,129,-129.5337909433169,62,True,False,False,user_no,0.0,2025-10-31 12:02:56
7,130,-122.29666923952254,75,True,False,False,user_no,0.0,2025-10-31 12:02:58
8,131,-280.86692534323413,107,True,False,False,user_no,0.0,2025-10-31 12:03:00
9,132,-91.22628389052856,72,True,False,False,user_no,0.0,2025-10-31 12:03:02
10,133,-296.70696518838713,80,True,False,False,user_no,0.0,2025-10-31 12:03:04
11,134,-192.04063403919795,86,True,False,False,user_no,0.0,2025-10-31 12:03:05
12,135,-130.84667181866178,78,True,False,False,auto,0.0,2025-10-31 12:03:07
13,136,-19.444547635467174,128,True,False,False,user_no,0.0,2025-10-31 12:03:10
14,137,-73.94140742920156,66,True,False,False,user_no,0.0,2025-10-31 12:03:11
15,138,-152.0268660052563,66,True,False,False,user_no,0.0,2025-10-31 12:03:13
16,139,9.336346632879469,79,True,False,False,auto,0.0,2025-10-31 12:03:14
17,140,-177.2205930868215,72,True,False,False,user_no,0.0,2025-10-31 12:03:16
18,141,-176.51407774252783,94,True,False,False,auto,0.0,2025-10-31 12:03:18
19,142,-139.8504219630596,91,True,False,False,auto,0.0,2025-10-31 12:03:27
20,143,-273.2718225776869,109,True,False,False,auto,0.0,2025-10-31 12:03:30
1,124,-525.8519910053793,113,True,False,False,auto,0.0,2025-10-31 12:04:55
1,124,-42.73505932482661,139,True,False,heuristic,2025-10-31 12:05:24
2,125,-105.63749460554973,88,True,False,heuristic,2025-10-31 12:05:26
3,126,-66.95847748255531,70,True,False,heuristic,2025-10-31 12:05:28
4,127,-10.799970632208925,120,True,False,heuristic,2025-10-31 12:05:30
5,128,0.3225407834127765,114,True,False,heuristic,2025-10-31 12:05:33
6,129,16.37391487589602,108,True,False,heuristic,2025-10-31 12:05:35
7,130,-33.23893783586033,105,True,False,heuristic,2025-10-31 12:05:37
8,131,-53.42906809033372,108,True,False,heuristic,2025-10-31 12:05:39
9,132,-46.21586183006416,73,True,False,heuristic,2025-10-31 12:05:41
10,133,-45.253427888098756,73,True,False,heuristic,2025-10-31 12:05:43
11,134,-27.139432291434986,118,True,False,heuristic,2025-10-31 12:05:45
12,135,-96.16521362647502,75,True,False,heuristic,2025-10-31 12:05:47
13,136,1.9264691757924055,129,True,False,heuristic,2025-10-31 12:05:49
14,137,-64.89288205853336,74,True,False,heuristic,2025-10-31 12:05:51
15,138,-55.067411826779576,66,True,False,heuristic,2025-10-31 12:05:52
16,139,-48.18201839670273,71,True,False,heuristic,2025-10-31 12:05:54
17,140,-70.4490011792049,72,True,False,heuristic,2025-10-31 12:05:55
18,141,-47.342354339809845,112,True,False,heuristic,2025-10-31 12:05:58
1,124,-42.73505932482661,139,True,False,heuristic,2025-10-31 12:16:13
2,125,-105.63749460554973,88,True,False,heuristic,2025-10-31 12:16:15
3,126,-66.95847748255531,70,True,False,heuristic,2025-10-31 12:16:16
